order_id,store_id,order_date,order_time,sku,product_name,quantity
ORD-2026-01-14-S01-0001,STORE01,2026-01-14,16:24:52,SKU00021,Bananes Bien,5
ORD-2026-01-14-S01-0001,STORE01,2026-01-14,16:24:52,SKU00033,Sauce tomate Réunir,2
ORD-2026-01-14-S01-0002,STORE01,2026-01-14,11:56:52,SKU00044,Bananes Lentement,2
ORD-2026-01-14-S01-0003,STORE01,2026-01-14,21:19:41,SKU00086,Éponges Manier,3
ORD-2026-01-14-S01-0003,STORE01,2026-01-14,21:19:41,SKU00045,Thon Note,4
ORD-2026-01-14-S01-0003,STORE01,2026-01-14,21:19:41,SKU00030,Pommes Eh,3
ORD-2026-01-14-S01-0003,STORE01,2026-01-14,21:19:41,SKU00100,Sucre Émotion,5
ORD-2026-01-14-S01-0003,STORE01,2026-01-14,21:19:41,SKU00067,Céréales Étranger,4
ORD-2026-01-14-S01-0003,STORE01,2026-01-14,21:19:41,SKU00091,Lait infantile Fortune,4
ORD-2026-01-14-S01-0003,STORE01,2026-01-14,21:19:41,SKU00094,Poisson pané Rencontrer,3
ORD-2026-01-14-S01-0004,STORE01,2026-01-14,17:39:05,SKU00092,Shampoing Nord,4
ORD-2026-01-14-S01-0004,STORE01,2026-01-14,17:39:05,SKU00032,Conserves Conscience,1
ORD-2026-01-14-S01-0005,STORE01,2026-01-14,19:57:43,SKU00013,Petits pots Saison,2
ORD-2026-01-14-S01-0005,STORE01,2026-01-14,19:57:43,SKU00097,Huile Curiosité,5
ORD-2026-01-14-S01-0005,STORE01,2026-01-14,19:57:43,SKU00060,Savon Ramasser,1
ORD-2026-01-14-S01-0005,STORE01,2026-01-14,19:57:43,SKU00069,Glace Pain,4
ORD-2026-01-14-S01-0005,STORE01,2026-01-14,19:57:43,SKU00096,Lessive Point,3
ORD-2026-01-14-S01-0005,STORE01,2026-01-14,19:57:43,SKU00021,Bananes Bien,5
ORD-2026-01-14-S01-0006,STORE01,2026-01-14,17:46:45,SKU00098,Lingettes Discuter,4
ORD-2026-01-14-S01-0007,STORE01,2026-01-14,11:19:08,SKU00022,Savon Approcher,3
ORD-2026-01-14-S01-0008,STORE01,2026-01-14,19:38:28,SKU00072,Crevettes Autorité,1
ORD-2026-01-14-S01-0008,STORE01,2026-01-14,19:38:28,SKU00078,Thon Dehors,1
ORD-2026-01-14-S01-0009,STORE01,2026-01-14,9:47:55,SKU00088,Yaourt Mémoire,3
ORD-2026-01-14-S01-0009,STORE01,2026-01-14,9:47:55,SKU00072,Crevettes Autorité,5
ORD-2026-01-14-S01-0009,STORE01,2026-01-14,9:47:55,SKU00058,Lingettes Distinguer,5
ORD-2026-01-14-S01-0009,STORE01,2026-01-14,9:47:55,SKU00012,Boeuf Entourer,1
ORD-2026-01-14-S01-0009,STORE01,2026-01-14,9:47:55,SKU00047,Saumon Perdu,2
ORD-2026-01-14-S01-0009,STORE01,2026-01-14,9:47:55,SKU00069,Glace Pain,4
ORD-2026-01-14-S01-0009,STORE01,2026-01-14,9:47:55,SKU00059,Glace Disparaître,5
ORD-2026-01-14-S01-0009,STORE01,2026-01-14,9:47:55,SKU00008,Riz Inutile,2
ORD-2026-01-14-S01-0009,STORE01,2026-01-14,9:47:55,SKU00025,Conserves Problème,5
ORD-2026-01-14-S01-0010,STORE01,2026-01-14,15:00:29,SKU00093,Lait infantile Vif,3
ORD-2026-01-14-S01-0010,STORE01,2026-01-14,15:00:29,SKU00094,Poisson pané Rencontrer,2
ORD-2026-01-14-S01-0010,STORE01,2026-01-14,15:00:29,SKU00046,Biscuits Moyen,1
ORD-2026-01-14-S01-0010,STORE01,2026-01-14,15:00:29,SKU00025,Conserves Problème,3
ORD-2026-01-14-S01-0010,STORE01,2026-01-14,15:00:29,SKU00050,Oranges Terminer,2
ORD-2026-01-14-S01-0010,STORE01,2026-01-14,15:00:29,SKU00095,Boeuf Toucher,1
ORD-2026-01-14-S01-0010,STORE01,2026-01-14,15:00:29,SKU00053,Glace Bas,5
ORD-2026-01-14-S01-0011,STORE01,2026-01-14,18:57:25,SKU00035,Biscuits Peur,2
ORD-2026-01-14-S01-0011,STORE01,2026-01-14,18:57:25,SKU00045,Thon Note,3
ORD-2026-01-14-S01-0011,STORE01,2026-01-14,18:57:25,SKU00065,Poisson pané Flot,2
ORD-2026-01-14-S01-0011,STORE01,2026-01-14,18:57:25,SKU00021,Bananes Bien,4
ORD-2026-01-14-S01-0012,STORE01,2026-01-14,10:11:07,SKU00019,Liquide vaisselle Baisser,4
ORD-2026-01-14-S01-0013,STORE01,2026-01-14,19:59:48,SKU00026,Thon Espace,1
ORD-2026-01-14-S01-0013,STORE01,2026-01-14,19:59:48,SKU00023,Pâtes Inconnu,5
ORD-2026-01-14-S01-0013,STORE01,2026-01-14,19:59:48,SKU00025,Conserves Problème,5
ORD-2026-01-14-S01-0013,STORE01,2026-01-14,19:59:48,SKU00010,Déodorant Saisir,4
ORD-2026-01-14-S01-0013,STORE01,2026-01-14,19:59:48,SKU00090,Laitue Parvenir,3
ORD-2026-01-14-S01-0013,STORE01,2026-01-14,19:59:48,SKU00082,Beurre Également,3
ORD-2026-01-14-S01-0013,STORE01,2026-01-14,19:59:48,SKU00081,Crème Pleurer,5
ORD-2026-01-14-S01-0013,STORE01,2026-01-14,19:59:48,SKU00024,Oranges Boire,1
ORD-2026-01-14-S01-0013,STORE01,2026-01-14,19:59:48,SKU00070,Dentifrice Rejoindre,2
ORD-2026-01-14-S01-0013,STORE01,2026-01-14,19:59:48,SKU00012,Boeuf Entourer,5
ORD-2026-01-14-S01-0014,STORE01,2026-01-14,11:49:23,SKU00003,Biscuits Part,5
ORD-2026-01-14-S01-0014,STORE01,2026-01-14,11:49:23,SKU00059,Glace Disparaître,2
ORD-2026-01-14-S01-0014,STORE01,2026-01-14,11:49:23,SKU00018,Liquide vaisselle Sourire,5
ORD-2026-01-14-S01-0014,STORE01,2026-01-14,11:49:23,SKU00100,Sucre Émotion,3
ORD-2026-01-14-S01-0015,STORE01,2026-01-14,18:53:39,SKU00089,Biscuits Faute,1
ORD-2026-01-14-S01-0015,STORE01,2026-01-14,18:53:39,SKU00052,Légumes surgelés Chambre,1
ORD-2026-01-14-S01-0015,STORE01,2026-01-14,18:53:39,SKU00075,Couches Aide,4
ORD-2026-01-14-S01-0015,STORE01,2026-01-14,18:53:39,SKU00024,Oranges Boire,3
ORD-2026-01-14-S01-0016,STORE01,2026-01-14,11:56:51,SKU00083,Miel Mode,3
ORD-2026-01-14-S01-0016,STORE01,2026-01-14,11:56:51,SKU00055,Conserves Inviter,1
ORD-2026-01-14-S01-0016,STORE01,2026-01-14,11:56:51,SKU00095,Boeuf Toucher,4
ORD-2026-01-14-S01-0016,STORE01,2026-01-14,11:56:51,SKU00067,Céréales Étranger,3
ORD-2026-01-14-S01-0016,STORE01,2026-01-14,11:56:51,SKU00079,Éponges Monter,3
ORD-2026-01-14-S01-0016,STORE01,2026-01-14,11:56:51,SKU00057,Lait Étrange,3
ORD-2026-01-14-S01-0016,STORE01,2026-01-14,11:56:51,SKU00017,Soda Vol,4
ORD-2026-01-14-S01-0016,STORE01,2026-01-14,11:56:51,SKU00065,Poisson pané Flot,5
ORD-2026-01-14-S01-0017,STORE01,2026-01-14,20:44:45,SKU00066,Soda Peau,3
ORD-2026-01-14-S01-0017,STORE01,2026-01-14,20:44:45,SKU00045,Thon Note,1
ORD-2026-01-14-S01-0017,STORE01,2026-01-14,20:44:45,SKU00095,Boeuf Toucher,1
ORD-2026-01-14-S01-0017,STORE01,2026-01-14,20:44:45,SKU00041,Crème Chair,2
ORD-2026-01-14-S01-0018,STORE01,2026-01-14,12:03:58,SKU00064,Pâtes Deviner,1
ORD-2026-01-14-S01-0018,STORE01,2026-01-14,12:03:58,SKU00040,Biscuits Cerveau,2
ORD-2026-01-14-S01-0019,STORE01,2026-01-14,11:12:05,SKU00028,Carottes Tranquille,5
ORD-2026-01-14-S01-0019,STORE01,2026-01-14,11:12:05,SKU00049,Légumes surgelés Trésor,3
ORD-2026-01-14-S01-0019,STORE01,2026-01-14,11:12:05,SKU00007,Jus Beau,3
ORD-2026-01-14-S01-0019,STORE01,2026-01-14,11:12:05,SKU00036,Crème Étage,5
ORD-2026-01-14-S01-0019,STORE01,2026-01-14,11:12:05,SKU00092,Shampoing Nord,5
ORD-2026-01-14-S01-0019,STORE01,2026-01-14,11:12:05,SKU00080,Confiture Poids,4
ORD-2026-01-14-S01-0019,STORE01,2026-01-14,11:12:05,SKU00038,Sauce tomate Montrer,5
ORD-2026-01-14-S01-0019,STORE01,2026-01-14,11:12:05,SKU00063,Thé Nommer,5
ORD-2026-01-14-S01-0019,STORE01,2026-01-14,11:12:05,SKU00062,Huile Côté,1
ORD-2026-01-14-S01-0020,STORE01,2026-01-14,13:51:48,SKU00060,Savon Ramasser,5
ORD-2026-01-14-S01-0020,STORE01,2026-01-14,13:51:48,SKU00064,Pâtes Deviner,4
ORD-2026-01-14-S01-0020,STORE01,2026-01-14,13:51:48,SKU00081,Crème Pleurer,1
ORD-2026-01-14-S01-0020,STORE01,2026-01-14,13:51:48,SKU00086,Éponges Manier,4
ORD-2026-01-14-S01-0021,STORE01,2026-01-14,9:54:31,SKU00088,Yaourt Mémoire,1
ORD-2026-01-14-S01-0021,STORE01,2026-01-14,9:54:31,SKU00094,Poisson pané Rencontrer,2
ORD-2026-01-14-S01-0021,STORE01,2026-01-14,9:54:31,SKU00059,Glace Disparaître,1
ORD-2026-01-14-S01-0021,STORE01,2026-01-14,9:54:31,SKU00010,Déodorant Saisir,3
ORD-2026-01-14-S01-0021,STORE01,2026-01-14,9:54:31,SKU00098,Lingettes Discuter,4
ORD-2026-01-14-S01-0021,STORE01,2026-01-14,9:54:31,SKU00002,Crème Projet,5
ORD-2026-01-14-S01-0021,STORE01,2026-01-14,9:54:31,SKU00097,Huile Curiosité,4
ORD-2026-01-14-S01-0021,STORE01,2026-01-14,9:54:31,SKU00054,Sel Moins,1
ORD-2026-01-14-S01-0022,STORE01,2026-01-14,12:04:08,SKU00068,Crème Bras,3
ORD-2026-01-14-S01-0022,STORE01,2026-01-14,12:04:08,SKU00087,Confiture Absence,4
ORD-2026-01-14-S01-0022,STORE01,2026-01-14,12:04:08,SKU00031,Porc Rapport,1
ORD-2026-01-14-S01-0022,STORE01,2026-01-14,12:04:08,SKU00056,Lait infantile Chien,3
ORD-2026-01-14-S01-0022,STORE01,2026-01-14,12:04:08,SKU00040,Biscuits Cerveau,1
ORD-2026-01-14-S01-0022,STORE01,2026-01-14,12:04:08,SKU00059,Glace Disparaître,4
ORD-2026-01-14-S01-0022,STORE01,2026-01-14,12:04:08,SKU00017,Soda Vol,3
ORD-2026-01-14-S01-0022,STORE01,2026-01-14,12:04:08,SKU00060,Savon Ramasser,5
ORD-2026-01-14-S01-0022,STORE01,2026-01-14,12:04:08,SKU00027,Poisson pané Flot,2
ORD-2026-01-14-S01-0022,STORE01,2026-01-14,12:04:08,SKU00086,Éponges Manier,5
ORD-2026-01-14-S01-0023,STORE01,2026-01-14,13:13:15,SKU00062,Huile Côté,4
ORD-2026-01-14-S01-0023,STORE01,2026-01-14,13:13:15,SKU00016,Crème Boire,4
ORD-2026-01-14-S01-0023,STORE01,2026-01-14,13:13:15,SKU00055,Conserves Inviter,5
ORD-2026-01-14-S01-0023,STORE01,2026-01-14,13:13:15,SKU00005,Porc Étonner,3
ORD-2026-01-14-S01-0023,STORE01,2026-01-14,13:13:15,SKU00077,Nettoyant Éprouver,1
ORD-2026-01-14-S01-0023,STORE01,2026-01-14,13:13:15,SKU00043,Nettoyant Occasion,5
ORD-2026-01-14-S01-0023,STORE01,2026-01-14,13:13:15,SKU00024,Oranges Boire,4
ORD-2026-01-14-S01-0023,STORE01,2026-01-14,13:13:15,SKU00052,Légumes surgelés Chambre,4
ORD-2026-01-14-S01-0023,STORE01,2026-01-14,13:13:15,SKU00022,Savon Approcher,4
ORD-2026-01-14-S01-0023,STORE01,2026-01-14,13:13:15,SKU00038,Sauce tomate Montrer,4
ORD-2026-01-14-S01-0024,STORE01,2026-01-14,21:03:00,SKU00039,Crevettes Disparaître,4
ORD-2026-01-14-S01-0024,STORE01,2026-01-14,21:03:00,SKU00065,Poisson pané Flot,3
ORD-2026-01-14-S01-0024,STORE01,2026-01-14,21:03:00,SKU00082,Beurre Également,2
ORD-2026-01-14-S01-0024,STORE01,2026-01-14,21:03:00,SKU00044,Bananes Lentement,3
ORD-2026-01-14-S01-0024,STORE01,2026-01-14,21:03:00,SKU00003,Biscuits Part,3
ORD-2026-01-14-S01-0024,STORE01,2026-01-14,21:03:00,SKU00086,Éponges Manier,5
ORD-2026-01-14-S01-0024,STORE01,2026-01-14,21:03:00,SKU00073,Yaourt Tenir,4
ORD-2026-01-14-S01-0025,STORE01,2026-01-14,21:05:40,SKU00014,Eau En,4
ORD-2026-01-14-S01-0025,STORE01,2026-01-14,21:05:40,SKU00009,Tomates Ami,2
ORD-2026-01-14-S01-0025,STORE01,2026-01-14,21:05:40,SKU00043,Nettoyant Occasion,1
ORD-2026-01-14-S01-0025,STORE01,2026-01-14,21:05:40,SKU00039,Crevettes Disparaître,2
ORD-2026-01-14-S01-0026,STORE01,2026-01-14,10:16:37,SKU00098,Lingettes Discuter,4
ORD-2026-01-14-S01-0026,STORE01,2026-01-14,10:16:37,SKU00068,Crème Bras,4
ORD-2026-01-14-S01-0026,STORE01,2026-01-14,10:16:37,SKU00075,Couches Aide,3
ORD-2026-01-14-S01-0026,STORE01,2026-01-14,10:16:37,SKU00047,Saumon Perdu,4
ORD-2026-01-14-S01-0027,STORE01,2026-01-14,21:21:07,SKU00092,Shampoing Nord,1
ORD-2026-01-14-S01-0027,STORE01,2026-01-14,21:21:07,SKU00085,Biscuits Défendre,3
ORD-2026-01-14-S01-0027,STORE01,2026-01-14,21:21:07,SKU00060,Savon Ramasser,5
ORD-2026-01-14-S01-0027,STORE01,2026-01-14,21:21:07,SKU00043,Nettoyant Occasion,3
ORD-2026-01-14-S01-0027,STORE01,2026-01-14,21:21:07,SKU00065,Poisson pané Flot,5
ORD-2026-01-14-S01-0028,STORE01,2026-01-14,17:19:44,SKU00039,Crevettes Disparaître,4
ORD-2026-01-14-S01-0029,STORE01,2026-01-14,21:07:34,SKU00096,Lessive Point,1
ORD-2026-01-14-S01-0029,STORE01,2026-01-14,21:07:34,SKU00084,Crème Baisser,3
ORD-2026-01-14-S01-0029,STORE01,2026-01-14,21:07:34,SKU00064,Pâtes Deviner,4
ORD-2026-01-14-S01-0029,STORE01,2026-01-14,21:07:34,SKU00027,Poisson pané Flot,1
ORD-2026-01-14-S01-0030,STORE01,2026-01-14,21:18:10,SKU00089,Biscuits Faute,4
ORD-2026-01-14-S01-0030,STORE01,2026-01-14,21:18:10,SKU00034,Eau Rien,1
ORD-2026-01-14-S01-0030,STORE01,2026-01-14,21:18:10,SKU00055,Conserves Inviter,4
ORD-2026-01-14-S01-0030,STORE01,2026-01-14,21:18:10,SKU00086,Éponges Manier,5
ORD-2026-01-14-S01-0030,STORE01,2026-01-14,21:18:10,SKU00045,Thon Note,5
ORD-2026-01-14-S01-0030,STORE01,2026-01-14,21:18:10,SKU00056,Lait infantile Chien,3
ORD-2026-01-14-S01-0031,STORE01,2026-01-14,19:56:19,SKU00087,Confiture Absence,4
ORD-2026-01-14-S01-0031,STORE01,2026-01-14,19:56:19,SKU00079,Éponges Monter,4
ORD-2026-01-14-S01-0031,STORE01,2026-01-14,19:56:19,SKU00055,Conserves Inviter,1
ORD-2026-01-14-S01-0031,STORE01,2026-01-14,19:56:19,SKU00021,Bananes Bien,1
ORD-2026-01-14-S01-0031,STORE01,2026-01-14,19:56:19,SKU00009,Tomates Ami,1
ORD-2026-01-14-S01-0031,STORE01,2026-01-14,19:56:19,SKU00044,Bananes Lentement,1
ORD-2026-01-14-S01-0031,STORE01,2026-01-14,19:56:19,SKU00005,Porc Étonner,4
ORD-2026-01-14-S01-0031,STORE01,2026-01-14,19:56:19,SKU00070,Dentifrice Rejoindre,5
ORD-2026-01-14-S01-0031,STORE01,2026-01-14,19:56:19,SKU00061,Savon Parent,4
ORD-2026-01-14-S01-0031,STORE01,2026-01-14,19:56:19,SKU00053,Glace Bas,4
ORD-2026-01-14-S01-0032,STORE01,2026-01-14,15:23:18,SKU00084,Crème Baisser,3
ORD-2026-01-14-S01-0032,STORE01,2026-01-14,15:23:18,SKU00052,Légumes surgelés Chambre,4
ORD-2026-01-14-S01-0032,STORE01,2026-01-14,15:23:18,SKU00033,Sauce tomate Réunir,3
ORD-2026-01-14-S01-0032,STORE01,2026-01-14,15:23:18,SKU00064,Pâtes Deviner,4
ORD-2026-01-14-S01-0032,STORE01,2026-01-14,15:23:18,SKU00076,Lingettes Certainement,2
ORD-2026-01-14-S01-0033,STORE01,2026-01-14,17:50:29,SKU00060,Savon Ramasser,2
ORD-2026-01-14-S01-0033,STORE01,2026-01-14,17:50:29,SKU00074,Confiture Rassurer,2
ORD-2026-01-14-S01-0033,STORE01,2026-01-14,17:50:29,SKU00096,Lessive Point,4
ORD-2026-01-14-S01-0033,STORE01,2026-01-14,17:50:29,SKU00002,Crème Projet,5
ORD-2026-01-14-S01-0033,STORE01,2026-01-14,17:50:29,SKU00043,Nettoyant Occasion,2
ORD-2026-01-14-S01-0033,STORE01,2026-01-14,17:50:29,SKU00095,Boeuf Toucher,3
ORD-2026-01-14-S01-0033,STORE01,2026-01-14,17:50:29,SKU00014,Eau En,5
ORD-2026-01-14-S01-0033,STORE01,2026-01-14,17:50:29,SKU00039,Crevettes Disparaître,3
ORD-2026-01-14-S01-0033,STORE01,2026-01-14,17:50:29,SKU00015,Crème Accuser,3
ORD-2026-01-14-S01-0034,STORE01,2026-01-14,20:13:37,SKU00002,Crème Projet,1
ORD-2026-01-14-S01-0035,STORE01,2026-01-14,16:16:43,SKU00017,Soda Vol,4
ORD-2026-01-14-S01-0035,STORE01,2026-01-14,16:16:43,SKU00009,Tomates Ami,5
ORD-2026-01-14-S01-0035,STORE01,2026-01-14,16:16:43,SKU00076,Lingettes Certainement,3
ORD-2026-01-14-S01-0035,STORE01,2026-01-14,16:16:43,SKU00041,Crème Chair,4
ORD-2026-01-14-S01-0035,STORE01,2026-01-14,16:16:43,SKU00099,Poulet Gauche,1
ORD-2026-01-14-S01-0035,STORE01,2026-01-14,16:16:43,SKU00067,Céréales Étranger,4
ORD-2026-01-14-S01-0035,STORE01,2026-01-14,16:16:43,SKU00082,Beurre Également,4
ORD-2026-01-14-S01-0035,STORE01,2026-01-14,16:16:43,SKU00022,Savon Approcher,5
ORD-2026-01-14-S01-0035,STORE01,2026-01-14,16:16:43,SKU00097,Huile Curiosité,5
ORD-2026-01-14-S01-0035,STORE01,2026-01-14,16:16:43,SKU00062,Huile Côté,2
ORD-2026-01-14-S01-0036,STORE01,2026-01-14,9:13:33,SKU00034,Eau Rien,2
ORD-2026-01-14-S01-0036,STORE01,2026-01-14,9:13:33,SKU00040,Biscuits Cerveau,4
ORD-2026-01-14-S01-0036,STORE01,2026-01-14,9:13:33,SKU00018,Liquide vaisselle Sourire,5
ORD-2026-01-14-S01-0036,STORE01,2026-01-14,9:13:33,SKU00063,Thé Nommer,4
ORD-2026-01-14-S01-0036,STORE01,2026-01-14,9:13:33,SKU00051,Thé Tant,1
ORD-2026-01-14-S01-0036,STORE01,2026-01-14,9:13:33,SKU00100,Sucre Émotion,5
ORD-2026-01-14-S01-0036,STORE01,2026-01-14,9:13:33,SKU00085,Biscuits Défendre,4
ORD-2026-01-14-S01-0037,STORE01,2026-01-14,15:28:38,SKU00039,Crevettes Disparaître,3
ORD-2026-01-14-S01-0037,STORE01,2026-01-14,15:28:38,SKU00055,Conserves Inviter,4
ORD-2026-01-14-S01-0037,STORE01,2026-01-14,15:28:38,SKU00081,Crème Pleurer,1
ORD-2026-01-14-S01-0037,STORE01,2026-01-14,15:28:38,SKU00073,Yaourt Tenir,2
ORD-2026-01-14-S01-0037,STORE01,2026-01-14,15:28:38,SKU00054,Sel Moins,5
ORD-2026-01-14-S01-0037,STORE01,2026-01-14,15:28:38,SKU00082,Beurre Également,5
ORD-2026-01-14-S01-0037,STORE01,2026-01-14,15:28:38,SKU00003,Biscuits Part,4
ORD-2026-01-14-S01-0037,STORE01,2026-01-14,15:28:38,SKU00065,Poisson pané Flot,2
ORD-2026-01-14-S01-0038,STORE01,2026-01-14,11:31:29,SKU00046,Biscuits Moyen,5
ORD-2026-01-14-S01-0038,STORE01,2026-01-14,11:31:29,SKU00065,Poisson pané Flot,2
ORD-2026-01-14-S01-0038,STORE01,2026-01-14,11:31:29,SKU00056,Lait infantile Chien,4
ORD-2026-01-14-S01-0038,STORE01,2026-01-14,11:31:29,SKU00064,Pâtes Deviner,1
ORD-2026-01-14-S01-0038,STORE01,2026-01-14,11:31:29,SKU00007,Jus Beau,1
ORD-2026-01-14-S01-0038,STORE01,2026-01-14,11:31:29,SKU00077,Nettoyant Éprouver,1
ORD-2026-01-14-S01-0038,STORE01,2026-01-14,11:31:29,SKU00092,Shampoing Nord,4
ORD-2026-01-14-S01-0039,STORE01,2026-01-14,13:07:08,SKU00033,Sauce tomate Réunir,5
ORD-2026-01-14-S01-0039,STORE01,2026-01-14,13:07:08,SKU00075,Couches Aide,5
ORD-2026-01-14-S01-0039,STORE01,2026-01-14,13:07:08,SKU00085,Biscuits Défendre,4
ORD-2026-01-14-S01-0039,STORE01,2026-01-14,13:07:08,SKU00059,Glace Disparaître,2
ORD-2026-01-14-S01-0040,STORE01,2026-01-14,18:50:02,SKU00071,Thon Chaleur,4
ORD-2026-01-14-S01-0040,STORE01,2026-01-14,18:50:02,SKU00004,Saumon Comme,5
ORD-2026-01-14-S01-0040,STORE01,2026-01-14,18:50:02,SKU00001,Boeuf Oreille,2
ORD-2026-01-14-S01-0041,STORE01,2026-01-14,11:10:14,SKU00033,Sauce tomate Réunir,2
ORD-2026-01-14-S01-0041,STORE01,2026-01-14,11:10:14,SKU00070,Dentifrice Rejoindre,2
ORD-2026-01-14-S01-0041,STORE01,2026-01-14,11:10:14,SKU00043,Nettoyant Occasion,1
ORD-2026-01-14-S01-0041,STORE01,2026-01-14,11:10:14,SKU00040,Biscuits Cerveau,2
ORD-2026-01-14-S01-0041,STORE01,2026-01-14,11:10:14,SKU00050,Oranges Terminer,2
ORD-2026-01-14-S01-0042,STORE01,2026-01-14,17:59:14,SKU00024,Oranges Boire,3
ORD-2026-01-14-S01-0042,STORE01,2026-01-14,17:59:14,SKU00003,Biscuits Part,3
ORD-2026-01-14-S01-0042,STORE01,2026-01-14,17:59:14,SKU00072,Crevettes Autorité,4
ORD-2026-01-14-S01-0042,STORE01,2026-01-14,17:59:14,SKU00070,Dentifrice Rejoindre,1
ORD-2026-01-14-S01-0042,STORE01,2026-01-14,17:59:14,SKU00056,Lait infantile Chien,4
ORD-2026-01-14-S01-0042,STORE01,2026-01-14,17:59:14,SKU00042,Confiture Toit,1
ORD-2026-01-14-S01-0042,STORE01,2026-01-14,17:59:14,SKU00092,Shampoing Nord,4
ORD-2026-01-14-S01-0042,STORE01,2026-01-14,17:59:14,SKU00005,Porc Étonner,5
ORD-2026-01-14-S01-0042,STORE01,2026-01-14,17:59:14,SKU00034,Eau Rien,3
ORD-2026-01-14-S01-0042,STORE01,2026-01-14,17:59:14,SKU00047,Saumon Perdu,2
ORD-2026-01-14-S01-0043,STORE01,2026-01-14,14:39:22,SKU00015,Crème Accuser,2
ORD-2026-01-14-S01-0044,STORE01,2026-01-14,13:28:34,SKU00034,Eau Rien,4
ORD-2026-01-14-S01-0044,STORE01,2026-01-14,13:28:34,SKU00092,Shampoing Nord,3
ORD-2026-01-14-S01-0044,STORE01,2026-01-14,13:28:34,SKU00083,Miel Mode,2
ORD-2026-01-14-S01-0044,STORE01,2026-01-14,13:28:34,SKU00086,Éponges Manier,5
ORD-2026-01-14-S01-0045,STORE01,2026-01-14,9:08:32,SKU00043,Nettoyant Occasion,3
ORD-2026-01-14-S01-0045,STORE01,2026-01-14,9:08:32,SKU00033,Sauce tomate Réunir,2
ORD-2026-01-14-S01-0045,STORE01,2026-01-14,9:08:32,SKU00055,Conserves Inviter,4
ORD-2026-01-14-S01-0045,STORE01,2026-01-14,9:08:32,SKU00044,Bananes Lentement,1
ORD-2026-01-14-S01-0045,STORE01,2026-01-14,9:08:32,SKU00019,Liquide vaisselle Baisser,1
ORD-2026-01-14-S01-0046,STORE01,2026-01-14,21:16:16,SKU00062,Huile Côté,5
ORD-2026-01-14-S01-0046,STORE01,2026-01-14,21:16:16,SKU00090,Laitue Parvenir,5
ORD-2026-01-14-S01-0046,STORE01,2026-01-14,21:16:16,SKU00046,Biscuits Moyen,3
ORD-2026-01-14-S01-0046,STORE01,2026-01-14,21:16:16,SKU00004,Saumon Comme,3
ORD-2026-01-14-S01-0046,STORE01,2026-01-14,21:16:16,SKU00076,Lingettes Certainement,5
ORD-2026-01-14-S01-0046,STORE01,2026-01-14,21:16:16,SKU00075,Couches Aide,4
ORD-2026-01-14-S01-0046,STORE01,2026-01-14,21:16:16,SKU00080,Confiture Poids,3
ORD-2026-01-14-S01-0047,STORE01,2026-01-14,9:07:37,SKU00065,Poisson pané Flot,5
ORD-2026-01-14-S01-0047,STORE01,2026-01-14,9:07:37,SKU00011,Frites Remonter,1
ORD-2026-01-14-S01-0047,STORE01,2026-01-14,9:07:37,SKU00099,Poulet Gauche,3
ORD-2026-01-14-S01-0047,STORE01,2026-01-14,9:07:37,SKU00076,Lingettes Certainement,2
ORD-2026-01-14-S01-0048,STORE01,2026-01-14,13:19:57,SKU00036,Crème Étage,2
ORD-2026-01-14-S01-0048,STORE01,2026-01-14,13:19:57,SKU00015,Crème Accuser,5
ORD-2026-01-14-S01-0048,STORE01,2026-01-14,13:19:57,SKU00054,Sel Moins,1
ORD-2026-01-14-S01-0048,STORE01,2026-01-14,13:19:57,SKU00030,Pommes Eh,3
ORD-2026-01-14-S01-0048,STORE01,2026-01-14,13:19:57,SKU00052,Légumes surgelés Chambre,2
ORD-2026-01-14-S01-0048,STORE01,2026-01-14,13:19:57,SKU00071,Thon Chaleur,4
ORD-2026-01-14-S01-0049,STORE01,2026-01-14,20:19:08,SKU00006,Huile Enfin,3
ORD-2026-01-14-S01-0049,STORE01,2026-01-14,20:19:08,SKU00061,Savon Parent,3
ORD-2026-01-14-S01-0049,STORE01,2026-01-14,20:19:08,SKU00059,Glace Disparaître,1
ORD-2026-01-14-S01-0049,STORE01,2026-01-14,20:19:08,SKU00049,Légumes surgelés Trésor,4
ORD-2026-01-14-S01-0049,STORE01,2026-01-14,20:19:08,SKU00039,Crevettes Disparaître,5
ORD-2026-01-14-S01-0049,STORE01,2026-01-14,20:19:08,SKU00034,Eau Rien,4
ORD-2026-01-14-S01-0049,STORE01,2026-01-14,20:19:08,SKU00026,Thon Espace,5
ORD-2026-01-14-S01-0050,STORE01,2026-01-14,18:28:34,SKU00024,Oranges Boire,4
ORD-2026-01-14-S01-0050,STORE01,2026-01-14,18:28:34,SKU00093,Lait infantile Vif,1
ORD-2026-01-14-S01-0050,STORE01,2026-01-14,18:28:34,SKU00079,Éponges Monter,2
ORD-2026-01-14-S01-0050,STORE01,2026-01-14,18:28:34,SKU00012,Boeuf Entourer,1
ORD-2026-01-14-S01-0050,STORE01,2026-01-14,18:28:34,SKU00089,Biscuits Faute,2
ORD-2026-01-14-S01-0050,STORE01,2026-01-14,18:28:34,SKU00036,Crème Étage,5
ORD-2026-01-14-S01-0050,STORE01,2026-01-14,18:28:34,SKU00050,Oranges Terminer,2
ORD-2026-01-14-S01-0050,STORE01,2026-01-14,18:28:34,SKU00039,Crevettes Disparaître,2
ORD-2026-01-14-S01-0050,STORE01,2026-01-14,18:28:34,SKU00043,Nettoyant Occasion,1
ORD-2026-01-14-S01-0051,STORE01,2026-01-14,9:58:30,SKU00073,Yaourt Tenir,1
ORD-2026-01-14-S01-0051,STORE01,2026-01-14,9:58:30,SKU00084,Crème Baisser,1
ORD-2026-01-14-S01-0051,STORE01,2026-01-14,9:58:30,SKU00042,Confiture Toit,5
ORD-2026-01-14-S01-0051,STORE01,2026-01-14,9:58:30,SKU00067,Céréales Étranger,3
ORD-2026-01-14-S01-0052,STORE01,2026-01-14,14:26:59,SKU00030,Pommes Eh,2
ORD-2026-01-14-S01-0052,STORE01,2026-01-14,14:26:59,SKU00094,Poisson pané Rencontrer,5
ORD-2026-01-14-S01-0052,STORE01,2026-01-14,14:26:59,SKU00061,Savon Parent,5
ORD-2026-01-14-S01-0052,STORE01,2026-01-14,14:26:59,SKU00081,Crème Pleurer,2
ORD-2026-01-14-S01-0052,STORE01,2026-01-14,14:26:59,SKU00095,Boeuf Toucher,5
ORD-2026-01-14-S01-0052,STORE01,2026-01-14,14:26:59,SKU00012,Boeuf Entourer,4
ORD-2026-01-14-S01-0052,STORE01,2026-01-14,14:26:59,SKU00017,Soda Vol,5
ORD-2026-01-14-S01-0052,STORE01,2026-01-14,14:26:59,SKU00042,Confiture Toit,5
ORD-2026-01-14-S01-0052,STORE01,2026-01-14,14:26:59,SKU00087,Confiture Absence,4
ORD-2026-01-14-S01-0053,STORE01,2026-01-14,16:31:12,SKU00079,Éponges Monter,1
ORD-2026-01-14-S01-0053,STORE01,2026-01-14,16:31:12,SKU00013,Petits pots Saison,3
ORD-2026-01-14-S01-0053,STORE01,2026-01-14,16:31:12,SKU00031,Porc Rapport,2
ORD-2026-01-14-S01-0054,STORE01,2026-01-14,17:23:51,SKU00043,Nettoyant Occasion,4
ORD-2026-01-14-S01-0054,STORE01,2026-01-14,17:23:51,SKU00056,Lait infantile Chien,2
ORD-2026-01-14-S01-0054,STORE01,2026-01-14,17:23:51,SKU00073,Yaourt Tenir,5
ORD-2026-01-14-S01-0054,STORE01,2026-01-14,17:23:51,SKU00032,Conserves Conscience,1
ORD-2026-01-14-S01-0054,STORE01,2026-01-14,17:23:51,SKU00071,Thon Chaleur,4
ORD-2026-01-14-S01-0055,STORE01,2026-01-14,14:19:19,SKU00036,Crème Étage,1
ORD-2026-01-14-S01-0055,STORE01,2026-01-14,14:19:19,SKU00086,Éponges Manier,4
ORD-2026-01-14-S01-0055,STORE01,2026-01-14,14:19:19,SKU00081,Crème Pleurer,1
ORD-2026-01-14-S01-0055,STORE01,2026-01-14,14:19:19,SKU00054,Sel Moins,2
ORD-2026-01-14-S01-0055,STORE01,2026-01-14,14:19:19,SKU00022,Savon Approcher,2
ORD-2026-01-14-S01-0055,STORE01,2026-01-14,14:19:19,SKU00015,Crème Accuser,2
ORD-2026-01-14-S01-0055,STORE01,2026-01-14,14:19:19,SKU00100,Sucre Émotion,5
ORD-2026-01-14-S01-0055,STORE01,2026-01-14,14:19:19,SKU00003,Biscuits Part,5
ORD-2026-01-14-S01-0055,STORE01,2026-01-14,14:19:19,SKU00023,Pâtes Inconnu,5
ORD-2026-01-14-S01-0055,STORE01,2026-01-14,14:19:19,SKU00007,Jus Beau,1
ORD-2026-01-14-S01-0056,STORE01,2026-01-14,8:01:20,SKU00095,Boeuf Toucher,1
ORD-2026-01-14-S01-0056,STORE01,2026-01-14,8:01:20,SKU00079,Éponges Monter,1
ORD-2026-01-14-S01-0056,STORE01,2026-01-14,8:01:20,SKU00065,Poisson pané Flot,2
ORD-2026-01-14-S01-0056,STORE01,2026-01-14,8:01:20,SKU00099,Poulet Gauche,5
ORD-2026-01-14-S01-0056,STORE01,2026-01-14,8:01:20,SKU00015,Crème Accuser,4
ORD-2026-01-14-S01-0056,STORE01,2026-01-14,8:01:20,SKU00061,Savon Parent,3
ORD-2026-01-14-S01-0056,STORE01,2026-01-14,8:01:20,SKU00087,Confiture Absence,3
ORD-2026-01-14-S01-0056,STORE01,2026-01-14,8:01:20,SKU00043,Nettoyant Occasion,1
ORD-2026-01-14-S01-0057,STORE01,2026-01-14,8:09:43,SKU00020,Riz Ensuite,2
ORD-2026-01-14-S01-0057,STORE01,2026-01-14,8:09:43,SKU00045,Thon Note,1
ORD-2026-01-14-S01-0057,STORE01,2026-01-14,8:09:43,SKU00032,Conserves Conscience,1
ORD-2026-01-14-S01-0058,STORE01,2026-01-14,13:19:23,SKU00018,Liquide vaisselle Sourire,3
ORD-2026-01-14-S01-0058,STORE01,2026-01-14,13:19:23,SKU00063,Thé Nommer,1
ORD-2026-01-14-S01-0058,STORE01,2026-01-14,13:19:23,SKU00054,Sel Moins,4
ORD-2026-01-14-S01-0058,STORE01,2026-01-14,13:19:23,SKU00049,Légumes surgelés Trésor,3
ORD-2026-01-14-S01-0058,STORE01,2026-01-14,13:19:23,SKU00034,Eau Rien,5
ORD-2026-01-14-S01-0058,STORE01,2026-01-14,13:19:23,SKU00072,Crevettes Autorité,4
ORD-2026-01-14-S01-0058,STORE01,2026-01-14,13:19:23,SKU00021,Bananes Bien,5
ORD-2026-01-14-S01-0058,STORE01,2026-01-14,13:19:23,SKU00035,Biscuits Peur,2
ORD-2026-01-14-S01-0059,STORE01,2026-01-14,8:55:56,SKU00003,Biscuits Part,3
ORD-2026-01-14-S01-0059,STORE01,2026-01-14,8:55:56,SKU00100,Sucre Émotion,4
ORD-2026-01-14-S01-0060,STORE01,2026-01-14,10:55:29,SKU00027,Poisson pané Flot,3
ORD-2026-01-14-S01-0060,STORE01,2026-01-14,10:55:29,SKU00006,Huile Enfin,1
ORD-2026-01-14-S01-0060,STORE01,2026-01-14,10:55:29,SKU00061,Savon Parent,1
ORD-2026-01-14-S01-0060,STORE01,2026-01-14,10:55:29,SKU00076,Lingettes Certainement,3
ORD-2026-01-14-S01-0060,STORE01,2026-01-14,10:55:29,SKU00055,Conserves Inviter,2
ORD-2026-01-14-S01-0060,STORE01,2026-01-14,10:55:29,SKU00007,Jus Beau,4
ORD-2026-01-14-S01-0060,STORE01,2026-01-14,10:55:29,SKU00033,Sauce tomate Réunir,5
ORD-2026-01-14-S01-0061,STORE01,2026-01-14,12:17:10,SKU00065,Poisson pané Flot,1
ORD-2026-01-14-S01-0061,STORE01,2026-01-14,12:17:10,SKU00061,Savon Parent,2
ORD-2026-01-14-S01-0061,STORE01,2026-01-14,12:17:10,SKU00015,Crème Accuser,4
ORD-2026-01-14-S01-0061,STORE01,2026-01-14,12:17:10,SKU00077,Nettoyant Éprouver,1
ORD-2026-01-14-S01-0061,STORE01,2026-01-14,12:17:10,SKU00067,Céréales Étranger,4
ORD-2026-01-14-S01-0061,STORE01,2026-01-14,12:17:10,SKU00070,Dentifrice Rejoindre,5
ORD-2026-01-14-S01-0061,STORE01,2026-01-14,12:17:10,SKU00005,Porc Étonner,3
ORD-2026-01-14-S01-0061,STORE01,2026-01-14,12:17:10,SKU00038,Sauce tomate Montrer,3
ORD-2026-01-14-S01-0062,STORE01,2026-01-14,20:12:12,SKU00053,Glace Bas,1
ORD-2026-01-14-S01-0062,STORE01,2026-01-14,20:12:12,SKU00057,Lait Étrange,5
ORD-2026-01-14-S01-0062,STORE01,2026-01-14,20:12:12,SKU00014,Eau En,3
ORD-2026-01-14-S01-0062,STORE01,2026-01-14,20:12:12,SKU00022,Savon Approcher,5
ORD-2026-01-14-S01-0062,STORE01,2026-01-14,20:12:12,SKU00024,Oranges Boire,4
ORD-2026-01-14-S01-0062,STORE01,2026-01-14,20:12:12,SKU00008,Riz Inutile,2
ORD-2026-01-14-S01-0062,STORE01,2026-01-14,20:12:12,SKU00085,Biscuits Défendre,2
ORD-2026-01-14-S01-0062,STORE01,2026-01-14,20:12:12,SKU00074,Confiture Rassurer,5
ORD-2026-01-14-S01-0062,STORE01,2026-01-14,20:12:12,SKU00075,Couches Aide,2
ORD-2026-01-14-S01-0063,STORE01,2026-01-14,16:45:41,SKU00091,Lait infantile Fortune,1
ORD-2026-01-14-S01-0063,STORE01,2026-01-14,16:45:41,SKU00092,Shampoing Nord,4
ORD-2026-01-14-S01-0063,STORE01,2026-01-14,16:45:41,SKU00003,Biscuits Part,1
ORD-2026-01-14-S01-0063,STORE01,2026-01-14,16:45:41,SKU00077,Nettoyant Éprouver,1
ORD-2026-01-14-S01-0063,STORE01,2026-01-14,16:45:41,SKU00072,Crevettes Autorité,3
ORD-2026-01-14-S01-0063,STORE01,2026-01-14,16:45:41,SKU00011,Frites Remonter,3
ORD-2026-01-14-S01-0063,STORE01,2026-01-14,16:45:41,SKU00069,Glace Pain,4
ORD-2026-01-14-S01-0064,STORE01,2026-01-14,10:14:08,SKU00050,Oranges Terminer,4
ORD-2026-01-14-S01-0064,STORE01,2026-01-14,10:14:08,SKU00003,Biscuits Part,4
ORD-2026-01-14-S01-0064,STORE01,2026-01-14,10:14:08,SKU00066,Soda Peau,1
ORD-2026-01-14-S01-0064,STORE01,2026-01-14,10:14:08,SKU00044,Bananes Lentement,3
ORD-2026-01-14-S01-0064,STORE01,2026-01-14,10:14:08,SKU00080,Confiture Poids,5
ORD-2026-01-14-S01-0064,STORE01,2026-01-14,10:14:08,SKU00031,Porc Rapport,3
ORD-2026-01-14-S01-0064,STORE01,2026-01-14,10:14:08,SKU00041,Crème Chair,5
ORD-2026-01-14-S01-0064,STORE01,2026-01-14,10:14:08,SKU00076,Lingettes Certainement,1
ORD-2026-01-14-S01-0064,STORE01,2026-01-14,10:14:08,SKU00004,Saumon Comme,5
ORD-2026-01-14-S01-0064,STORE01,2026-01-14,10:14:08,SKU00036,Crème Étage,4
ORD-2026-01-14-S01-0065,STORE01,2026-01-14,9:23:02,SKU00069,Glace Pain,1
ORD-2026-01-14-S01-0066,STORE01,2026-01-14,14:31:38,SKU00086,Éponges Manier,4
ORD-2026-01-14-S01-0066,STORE01,2026-01-14,14:31:38,SKU00031,Porc Rapport,2
ORD-2026-01-14-S01-0066,STORE01,2026-01-14,14:31:38,SKU00048,Biscuits Avancer,1
ORD-2026-01-14-S01-0066,STORE01,2026-01-14,14:31:38,SKU00069,Glace Pain,5
ORD-2026-01-14-S01-0066,STORE01,2026-01-14,14:31:38,SKU00065,Poisson pané Flot,2
ORD-2026-01-14-S01-0066,STORE01,2026-01-14,14:31:38,SKU00096,Lessive Point,3
ORD-2026-01-14-S01-0066,STORE01,2026-01-14,14:31:38,SKU00001,Boeuf Oreille,1
ORD-2026-01-14-S01-0066,STORE01,2026-01-14,14:31:38,SKU00087,Confiture Absence,5
ORD-2026-01-14-S01-0066,STORE01,2026-01-14,14:31:38,SKU00021,Bananes Bien,2
ORD-2026-01-14-S01-0066,STORE01,2026-01-14,14:31:38,SKU00061,Savon Parent,1
ORD-2026-01-14-S01-0067,STORE01,2026-01-14,21:35:09,SKU00068,Crème Bras,5
ORD-2026-01-14-S01-0067,STORE01,2026-01-14,21:35:09,SKU00064,Pâtes Deviner,3
ORD-2026-01-14-S01-0068,STORE01,2026-01-14,11:14:45,SKU00027,Poisson pané Flot,2
ORD-2026-01-14-S01-0068,STORE01,2026-01-14,11:14:45,SKU00077,Nettoyant Éprouver,5
ORD-2026-01-14-S01-0068,STORE01,2026-01-14,11:14:45,SKU00080,Confiture Poids,4
ORD-2026-01-14-S01-0069,STORE01,2026-01-14,21:17:36,SKU00050,Oranges Terminer,2
ORD-2026-01-14-S01-0070,STORE01,2026-01-14,17:21:32,SKU00026,Thon Espace,2
ORD-2026-01-14-S01-0070,STORE01,2026-01-14,17:21:32,SKU00064,Pâtes Deviner,5
ORD-2026-01-14-S01-0070,STORE01,2026-01-14,17:21:32,SKU00007,Jus Beau,1
ORD-2026-01-14-S01-0070,STORE01,2026-01-14,17:21:32,SKU00008,Riz Inutile,3
ORD-2026-01-14-S01-0070,STORE01,2026-01-14,17:21:32,SKU00063,Thé Nommer,5
ORD-2026-01-14-S01-0070,STORE01,2026-01-14,17:21:32,SKU00065,Poisson pané Flot,3
ORD-2026-01-14-S01-0070,STORE01,2026-01-14,17:21:32,SKU00087,Confiture Absence,3
ORD-2026-01-14-S01-0070,STORE01,2026-01-14,17:21:32,SKU00074,Confiture Rassurer,1
ORD-2026-01-14-S01-0071,STORE01,2026-01-14,14:53:13,SKU00040,Biscuits Cerveau,5
ORD-2026-01-14-S01-0071,STORE01,2026-01-14,14:53:13,SKU00033,Sauce tomate Réunir,4
ORD-2026-01-14-S01-0072,STORE01,2026-01-14,12:38:10,SKU00058,Lingettes Distinguer,1
ORD-2026-01-14-S01-0072,STORE01,2026-01-14,12:38:10,SKU00077,Nettoyant Éprouver,4
ORD-2026-01-14-S01-0073,STORE01,2026-01-14,21:59:29,SKU00057,Lait Étrange,3
ORD-2026-01-14-S01-0073,STORE01,2026-01-14,21:59:29,SKU00082,Beurre Également,1
ORD-2026-01-14-S01-0073,STORE01,2026-01-14,21:59:29,SKU00045,Thon Note,3
ORD-2026-01-14-S01-0073,STORE01,2026-01-14,21:59:29,SKU00020,Riz Ensuite,2
ORD-2026-01-14-S01-0073,STORE01,2026-01-14,21:59:29,SKU00075,Couches Aide,3
ORD-2026-01-14-S01-0073,STORE01,2026-01-14,21:59:29,SKU00004,Saumon Comme,5
ORD-2026-01-14-S01-0074,STORE01,2026-01-14,21:15:37,SKU00005,Porc Étonner,4
ORD-2026-01-14-S01-0074,STORE01,2026-01-14,21:15:37,SKU00076,Lingettes Certainement,2
ORD-2026-01-14-S01-0074,STORE01,2026-01-14,21:15:37,SKU00003,Biscuits Part,4
ORD-2026-01-14-S01-0074,STORE01,2026-01-14,21:15:37,SKU00082,Beurre Également,2
ORD-2026-01-14-S01-0074,STORE01,2026-01-14,21:15:37,SKU00036,Crème Étage,3
ORD-2026-01-14-S01-0074,STORE01,2026-01-14,21:15:37,SKU00085,Biscuits Défendre,5
ORD-2026-01-14-S01-0074,STORE01,2026-01-14,21:15:37,SKU00025,Conserves Problème,1
ORD-2026-01-14-S01-0074,STORE01,2026-01-14,21:15:37,SKU00045,Thon Note,5
ORD-2026-01-14-S01-0075,STORE01,2026-01-14,11:44:04,SKU00082,Beurre Également,2
ORD-2026-01-14-S01-0075,STORE01,2026-01-14,11:44:04,SKU00099,Poulet Gauche,3
ORD-2026-01-14-S01-0075,STORE01,2026-01-14,11:44:04,SKU00003,Biscuits Part,5
ORD-2026-01-14-S01-0075,STORE01,2026-01-14,11:44:04,SKU00055,Conserves Inviter,4
ORD-2026-01-14-S01-0075,STORE01,2026-01-14,11:44:04,SKU00091,Lait infantile Fortune,4
ORD-2026-01-14-S01-0075,STORE01,2026-01-14,11:44:04,SKU00070,Dentifrice Rejoindre,2
ORD-2026-01-14-S01-0075,STORE01,2026-01-14,11:44:04,SKU00008,Riz Inutile,4
ORD-2026-01-14-S01-0075,STORE01,2026-01-14,11:44:04,SKU00079,Éponges Monter,4
ORD-2026-01-14-S01-0075,STORE01,2026-01-14,11:44:04,SKU00092,Shampoing Nord,4
ORD-2026-01-14-S01-0076,STORE01,2026-01-14,20:16:19,SKU00045,Thon Note,2
ORD-2026-01-14-S01-0076,STORE01,2026-01-14,20:16:19,SKU00080,Confiture Poids,3
ORD-2026-01-14-S01-0076,STORE01,2026-01-14,20:16:19,SKU00082,Beurre Également,2
ORD-2026-01-14-S01-0077,STORE01,2026-01-14,21:19:39,SKU00021,Bananes Bien,4
ORD-2026-01-14-S01-0077,STORE01,2026-01-14,21:19:39,SKU00089,Biscuits Faute,5
ORD-2026-01-14-S01-0077,STORE01,2026-01-14,21:19:39,SKU00050,Oranges Terminer,4
ORD-2026-01-14-S01-0077,STORE01,2026-01-14,21:19:39,SKU00055,Conserves Inviter,2
ORD-2026-01-14-S01-0077,STORE01,2026-01-14,21:19:39,SKU00081,Crème Pleurer,5
ORD-2026-01-14-S01-0077,STORE01,2026-01-14,21:19:39,SKU00070,Dentifrice Rejoindre,4
ORD-2026-01-14-S01-0078,STORE01,2026-01-14,15:07:21,SKU00084,Crème Baisser,4
ORD-2026-01-14-S01-0078,STORE01,2026-01-14,15:07:21,SKU00048,Biscuits Avancer,3
ORD-2026-01-14-S01-0078,STORE01,2026-01-14,15:07:21,SKU00033,Sauce tomate Réunir,2
ORD-2026-01-14-S01-0078,STORE01,2026-01-14,15:07:21,SKU00021,Bananes Bien,5
ORD-2026-01-14-S01-0078,STORE01,2026-01-14,15:07:21,SKU00051,Thé Tant,1
ORD-2026-01-14-S01-0078,STORE01,2026-01-14,15:07:21,SKU00090,Laitue Parvenir,2
ORD-2026-01-14-S01-0079,STORE01,2026-01-14,17:03:48,SKU00021,Bananes Bien,2
ORD-2026-01-14-S01-0079,STORE01,2026-01-14,17:03:48,SKU00029,Nettoyant Poids,3
ORD-2026-01-14-S01-0079,STORE01,2026-01-14,17:03:48,SKU00010,Déodorant Saisir,5
ORD-2026-01-14-S01-0079,STORE01,2026-01-14,17:03:48,SKU00016,Crème Boire,1
ORD-2026-01-14-S01-0079,STORE01,2026-01-14,17:03:48,SKU00086,Éponges Manier,3
ORD-2026-01-14-S01-0079,STORE01,2026-01-14,17:03:48,SKU00044,Bananes Lentement,2
ORD-2026-01-14-S01-0079,STORE01,2026-01-14,17:03:48,SKU00068,Crème Bras,3
ORD-2026-01-14-S01-0079,STORE01,2026-01-14,17:03:48,SKU00047,Saumon Perdu,4
ORD-2026-01-14-S01-0079,STORE01,2026-01-14,17:03:48,SKU00012,Boeuf Entourer,5
ORD-2026-01-14-S01-0079,STORE01,2026-01-14,17:03:48,SKU00018,Liquide vaisselle Sourire,4
ORD-2026-01-14-S01-0080,STORE01,2026-01-14,18:01:46,SKU00043,Nettoyant Occasion,1
ORD-2026-01-14-S01-0081,STORE01,2026-01-14,12:00:38,SKU00026,Thon Espace,1
ORD-2026-01-14-S01-0081,STORE01,2026-01-14,12:00:38,SKU00052,Légumes surgelés Chambre,4
ORD-2026-01-14-S01-0081,STORE01,2026-01-14,12:00:38,SKU00008,Riz Inutile,3
ORD-2026-01-14-S01-0081,STORE01,2026-01-14,12:00:38,SKU00057,Lait Étrange,4
ORD-2026-01-14-S01-0081,STORE01,2026-01-14,12:00:38,SKU00084,Crème Baisser,2
ORD-2026-01-14-S01-0081,STORE01,2026-01-14,12:00:38,SKU00010,Déodorant Saisir,4
ORD-2026-01-14-S01-0081,STORE01,2026-01-14,12:00:38,SKU00083,Miel Mode,4
ORD-2026-01-14-S01-0081,STORE01,2026-01-14,12:00:38,SKU00039,Crevettes Disparaître,2
ORD-2026-01-14-S01-0081,STORE01,2026-01-14,12:00:38,SKU00086,Éponges Manier,3
ORD-2026-01-14-S01-0081,STORE01,2026-01-14,12:00:38,SKU00023,Pâtes Inconnu,2
ORD-2026-01-14-S01-0082,STORE01,2026-01-14,14:44:49,SKU00003,Biscuits Part,2
ORD-2026-01-14-S01-0082,STORE01,2026-01-14,14:44:49,SKU00070,Dentifrice Rejoindre,2
ORD-2026-01-14-S01-0082,STORE01,2026-01-14,14:44:49,SKU00012,Boeuf Entourer,3
ORD-2026-01-14-S01-0082,STORE01,2026-01-14,14:44:49,SKU00063,Thé Nommer,3
ORD-2026-01-14-S01-0082,STORE01,2026-01-14,14:44:49,SKU00040,Biscuits Cerveau,5
ORD-2026-01-14-S01-0082,STORE01,2026-01-14,14:44:49,SKU00071,Thon Chaleur,2
ORD-2026-01-14-S01-0082,STORE01,2026-01-14,14:44:49,SKU00002,Crème Projet,1
ORD-2026-01-14-S01-0083,STORE01,2026-01-14,14:50:38,SKU00072,Crevettes Autorité,2
ORD-2026-01-14-S01-0083,STORE01,2026-01-14,14:50:38,SKU00055,Conserves Inviter,1
ORD-2026-01-14-S01-0083,STORE01,2026-01-14,14:50:38,SKU00091,Lait infantile Fortune,5
ORD-2026-01-14-S01-0083,STORE01,2026-01-14,14:50:38,SKU00028,Carottes Tranquille,1
ORD-2026-01-14-S01-0084,STORE01,2026-01-14,21:40:03,SKU00052,Légumes surgelés Chambre,1
ORD-2026-01-14-S01-0084,STORE01,2026-01-14,21:40:03,SKU00028,Carottes Tranquille,3
ORD-2026-01-14-S01-0084,STORE01,2026-01-14,21:40:03,SKU00019,Liquide vaisselle Baisser,2
ORD-2026-01-14-S01-0084,STORE01,2026-01-14,21:40:03,SKU00020,Riz Ensuite,4
ORD-2026-01-14-S01-0084,STORE01,2026-01-14,21:40:03,SKU00043,Nettoyant Occasion,2
ORD-2026-01-14-S01-0085,STORE01,2026-01-14,19:07:48,SKU00003,Biscuits Part,4
ORD-2026-01-14-S01-0085,STORE01,2026-01-14,19:07:48,SKU00030,Pommes Eh,2
ORD-2026-01-14-S01-0086,STORE01,2026-01-14,14:19:58,SKU00036,Crème Étage,1
ORD-2026-01-14-S01-0086,STORE01,2026-01-14,14:19:58,SKU00018,Liquide vaisselle Sourire,3
ORD-2026-01-14-S01-0086,STORE01,2026-01-14,14:19:58,SKU00024,Oranges Boire,4
ORD-2026-01-14-S01-0087,STORE01,2026-01-14,14:36:50,SKU00003,Biscuits Part,1
ORD-2026-01-14-S01-0087,STORE01,2026-01-14,14:36:50,SKU00089,Biscuits Faute,1
ORD-2026-01-14-S01-0087,STORE01,2026-01-14,14:36:50,SKU00077,Nettoyant Éprouver,1
ORD-2026-01-14-S01-0087,STORE01,2026-01-14,14:36:50,SKU00057,Lait Étrange,5
ORD-2026-01-14-S01-0087,STORE01,2026-01-14,14:36:50,SKU00062,Huile Côté,3
ORD-2026-01-14-S01-0087,STORE01,2026-01-14,14:36:50,SKU00087,Confiture Absence,2
ORD-2026-01-14-S01-0088,STORE01,2026-01-14,20:14:13,SKU00080,Confiture Poids,3
ORD-2026-01-14-S01-0088,STORE01,2026-01-14,20:14:13,SKU00095,Boeuf Toucher,5
ORD-2026-01-14-S01-0088,STORE01,2026-01-14,20:14:13,SKU00012,Boeuf Entourer,5
ORD-2026-01-14-S01-0088,STORE01,2026-01-14,20:14:13,SKU00006,Huile Enfin,3
ORD-2026-01-14-S01-0088,STORE01,2026-01-14,20:14:13,SKU00083,Miel Mode,4
ORD-2026-01-14-S01-0088,STORE01,2026-01-14,20:14:13,SKU00067,Céréales Étranger,3
ORD-2026-01-14-S01-0088,STORE01,2026-01-14,20:14:13,SKU00027,Poisson pané Flot,2
ORD-2026-01-14-S01-0088,STORE01,2026-01-14,20:14:13,SKU00034,Eau Rien,2
ORD-2026-01-14-S01-0088,STORE01,2026-01-14,20:14:13,SKU00062,Huile Côté,5
ORD-2026-01-14-S01-0088,STORE01,2026-01-14,20:14:13,SKU00082,Beurre Également,5
ORD-2026-01-14-S01-0089,STORE01,2026-01-14,21:50:48,SKU00049,Légumes surgelés Trésor,3
ORD-2026-01-14-S01-0089,STORE01,2026-01-14,21:50:48,SKU00093,Lait infantile Vif,5
ORD-2026-01-14-S01-0089,STORE01,2026-01-14,21:50:48,SKU00063,Thé Nommer,4
ORD-2026-01-14-S01-0089,STORE01,2026-01-14,21:50:48,SKU00056,Lait infantile Chien,4
ORD-2026-01-14-S01-0090,STORE01,2026-01-14,20:30:51,SKU00093,Lait infantile Vif,1
ORD-2026-01-14-S01-0090,STORE01,2026-01-14,20:30:51,SKU00026,Thon Espace,3
ORD-2026-01-14-S01-0090,STORE01,2026-01-14,20:30:51,SKU00003,Biscuits Part,2
ORD-2026-01-14-S01-0090,STORE01,2026-01-14,20:30:51,SKU00092,Shampoing Nord,5
ORD-2026-01-14-S01-0090,STORE01,2026-01-14,20:30:51,SKU00011,Frites Remonter,1
ORD-2026-01-14-S01-0090,STORE01,2026-01-14,20:30:51,SKU00033,Sauce tomate Réunir,2
ORD-2026-01-14-S01-0090,STORE01,2026-01-14,20:30:51,SKU00053,Glace Bas,2
ORD-2026-01-14-S01-0090,STORE01,2026-01-14,20:30:51,SKU00064,Pâtes Deviner,4
ORD-2026-01-14-S01-0091,STORE01,2026-01-14,19:19:29,SKU00046,Biscuits Moyen,2
ORD-2026-01-14-S01-0091,STORE01,2026-01-14,19:19:29,SKU00067,Céréales Étranger,4
ORD-2026-01-14-S01-0091,STORE01,2026-01-14,19:19:29,SKU00054,Sel Moins,3
ORD-2026-01-14-S01-0092,STORE01,2026-01-14,8:46:12,SKU00029,Nettoyant Poids,2
ORD-2026-01-14-S01-0093,STORE01,2026-01-14,17:01:36,SKU00082,Beurre Également,1
ORD-2026-01-14-S01-0093,STORE01,2026-01-14,17:01:36,SKU00074,Confiture Rassurer,1
ORD-2026-01-14-S01-0093,STORE01,2026-01-14,17:01:36,SKU00075,Couches Aide,4
ORD-2026-01-14-S01-0093,STORE01,2026-01-14,17:01:36,SKU00084,Crème Baisser,3
ORD-2026-01-14-S01-0093,STORE01,2026-01-14,17:01:36,SKU00064,Pâtes Deviner,4
ORD-2026-01-14-S01-0093,STORE01,2026-01-14,17:01:36,SKU00045,Thon Note,4
ORD-2026-01-14-S01-0093,STORE01,2026-01-14,17:01:36,SKU00096,Lessive Point,1
ORD-2026-01-14-S01-0093,STORE01,2026-01-14,17:01:36,SKU00003,Biscuits Part,3
ORD-2026-01-14-S01-0093,STORE01,2026-01-14,17:01:36,SKU00065,Poisson pané Flot,3
ORD-2026-01-14-S01-0093,STORE01,2026-01-14,17:01:36,SKU00048,Biscuits Avancer,2
ORD-2026-01-14-S01-0094,STORE01,2026-01-14,16:31:15,SKU00058,Lingettes Distinguer,3
ORD-2026-01-14-S01-0094,STORE01,2026-01-14,16:31:15,SKU00080,Confiture Poids,3
ORD-2026-01-14-S01-0094,STORE01,2026-01-14,16:31:15,SKU00072,Crevettes Autorité,3
ORD-2026-01-14-S01-0094,STORE01,2026-01-14,16:31:15,SKU00021,Bananes Bien,1
ORD-2026-01-14-S01-0094,STORE01,2026-01-14,16:31:15,SKU00036,Crème Étage,3
ORD-2026-01-14-S01-0094,STORE01,2026-01-14,16:31:15,SKU00096,Lessive Point,2
ORD-2026-01-14-S01-0094,STORE01,2026-01-14,16:31:15,SKU00068,Crème Bras,2
ORD-2026-01-14-S01-0094,STORE01,2026-01-14,16:31:15,SKU00057,Lait Étrange,1
ORD-2026-01-14-S01-0095,STORE01,2026-01-14,17:31:38,SKU00018,Liquide vaisselle Sourire,2
ORD-2026-01-14-S01-0095,STORE01,2026-01-14,17:31:38,SKU00009,Tomates Ami,1
ORD-2026-01-14-S01-0095,STORE01,2026-01-14,17:31:38,SKU00017,Soda Vol,4
ORD-2026-01-14-S01-0095,STORE01,2026-01-14,17:31:38,SKU00081,Crème Pleurer,4
ORD-2026-01-14-S01-0095,STORE01,2026-01-14,17:31:38,SKU00005,Porc Étonner,3
ORD-2026-01-14-S01-0095,STORE01,2026-01-14,17:31:38,SKU00064,Pâtes Deviner,3
ORD-2026-01-14-S01-0095,STORE01,2026-01-14,17:31:38,SKU00041,Crème Chair,5
ORD-2026-01-14-S01-0096,STORE01,2026-01-14,17:12:19,SKU00037,Chocolat Peur,2
ORD-2026-01-14-S01-0096,STORE01,2026-01-14,17:12:19,SKU00010,Déodorant Saisir,5
ORD-2026-01-14-S01-0096,STORE01,2026-01-14,17:12:19,SKU00085,Biscuits Défendre,4
ORD-2026-01-14-S01-0096,STORE01,2026-01-14,17:12:19,SKU00084,Crème Baisser,5
ORD-2026-01-14-S01-0097,STORE01,2026-01-14,12:20:54,SKU00059,Glace Disparaître,2
ORD-2026-01-14-S01-0098,STORE01,2026-01-14,21:11:50,SKU00029,Nettoyant Poids,3
ORD-2026-01-14-S01-0098,STORE01,2026-01-14,21:11:50,SKU00064,Pâtes Deviner,2
ORD-2026-01-14-S01-0098,STORE01,2026-01-14,21:11:50,SKU00069,Glace Pain,5
ORD-2026-01-14-S01-0098,STORE01,2026-01-14,21:11:50,SKU00036,Crème Étage,4
ORD-2026-01-14-S01-0098,STORE01,2026-01-14,21:11:50,SKU00078,Thon Dehors,5
ORD-2026-01-14-S01-0098,STORE01,2026-01-14,21:11:50,SKU00022,Savon Approcher,2
ORD-2026-01-14-S01-0098,STORE01,2026-01-14,21:11:50,SKU00047,Saumon Perdu,3
ORD-2026-01-14-S01-0098,STORE01,2026-01-14,21:11:50,SKU00081,Crème Pleurer,4
ORD-2026-01-14-S01-0098,STORE01,2026-01-14,21:11:50,SKU00018,Liquide vaisselle Sourire,2
ORD-2026-01-14-S01-0098,STORE01,2026-01-14,21:11:50,SKU00045,Thon Note,2
ORD-2026-01-14-S01-0099,STORE01,2026-01-14,9:57:14,SKU00025,Conserves Problème,2
ORD-2026-01-14-S01-0099,STORE01,2026-01-14,9:57:14,SKU00046,Biscuits Moyen,1
ORD-2026-01-14-S01-0099,STORE01,2026-01-14,9:57:14,SKU00062,Huile Côté,4
ORD-2026-01-14-S01-0099,STORE01,2026-01-14,9:57:14,SKU00022,Savon Approcher,2
ORD-2026-01-14-S01-0099,STORE01,2026-01-14,9:57:14,SKU00019,Liquide vaisselle Baisser,3
ORD-2026-01-14-S01-0099,STORE01,2026-01-14,9:57:14,SKU00100,Sucre Émotion,3
ORD-2026-01-14-S01-0099,STORE01,2026-01-14,9:57:14,SKU00047,Saumon Perdu,2
ORD-2026-01-14-S01-0099,STORE01,2026-01-14,9:57:14,SKU00068,Crème Bras,2
ORD-2026-01-14-S01-0099,STORE01,2026-01-14,9:57:14,SKU00093,Lait infantile Vif,1
ORD-2026-01-14-S01-0100,STORE01,2026-01-14,11:27:19,SKU00069,Glace Pain,1
ORD-2026-01-14-S01-0100,STORE01,2026-01-14,11:27:19,SKU00025,Conserves Problème,2
ORD-2026-01-14-S01-0100,STORE01,2026-01-14,11:27:19,SKU00037,Chocolat Peur,2
ORD-2026-01-14-S01-0101,STORE01,2026-01-14,20:30:59,SKU00082,Beurre Également,3
ORD-2026-01-14-S01-0101,STORE01,2026-01-14,20:30:59,SKU00029,Nettoyant Poids,1
ORD-2026-01-14-S01-0101,STORE01,2026-01-14,20:30:59,SKU00017,Soda Vol,5
ORD-2026-01-14-S01-0101,STORE01,2026-01-14,20:30:59,SKU00032,Conserves Conscience,5
ORD-2026-01-14-S01-0101,STORE01,2026-01-14,20:30:59,SKU00040,Biscuits Cerveau,3
ORD-2026-01-14-S01-0102,STORE01,2026-01-14,19:52:29,SKU00011,Frites Remonter,2
ORD-2026-01-14-S01-0102,STORE01,2026-01-14,19:52:29,SKU00088,Yaourt Mémoire,1
ORD-2026-01-14-S01-0102,STORE01,2026-01-14,19:52:29,SKU00066,Soda Peau,2
ORD-2026-01-14-S01-0102,STORE01,2026-01-14,19:52:29,SKU00069,Glace Pain,2
ORD-2026-01-14-S01-0103,STORE01,2026-01-14,8:20:58,SKU00014,Eau En,1
ORD-2026-01-14-S01-0103,STORE01,2026-01-14,8:20:58,SKU00031,Porc Rapport,4
ORD-2026-01-14-S01-0103,STORE01,2026-01-14,8:20:58,SKU00015,Crème Accuser,1
ORD-2026-01-14-S01-0103,STORE01,2026-01-14,8:20:58,SKU00096,Lessive Point,2
ORD-2026-01-14-S01-0103,STORE01,2026-01-14,8:20:58,SKU00057,Lait Étrange,2
ORD-2026-01-14-S01-0103,STORE01,2026-01-14,8:20:58,SKU00001,Boeuf Oreille,2
ORD-2026-01-14-S01-0104,STORE01,2026-01-14,9:52:01,SKU00024,Oranges Boire,4
ORD-2026-01-14-S01-0104,STORE01,2026-01-14,9:52:01,SKU00059,Glace Disparaître,1
ORD-2026-01-14-S01-0104,STORE01,2026-01-14,9:52:01,SKU00041,Crème Chair,3
ORD-2026-01-14-S01-0104,STORE01,2026-01-14,9:52:01,SKU00029,Nettoyant Poids,3
ORD-2026-01-14-S01-0104,STORE01,2026-01-14,9:52:01,SKU00025,Conserves Problème,3
ORD-2026-01-14-S01-0104,STORE01,2026-01-14,9:52:01,SKU00040,Biscuits Cerveau,5
ORD-2026-01-14-S01-0105,STORE01,2026-01-14,8:51:37,SKU00050,Oranges Terminer,3
ORD-2026-01-14-S01-0105,STORE01,2026-01-14,8:51:37,SKU00099,Poulet Gauche,1
ORD-2026-01-14-S01-0105,STORE01,2026-01-14,8:51:37,SKU00040,Biscuits Cerveau,3
ORD-2026-01-14-S01-0105,STORE01,2026-01-14,8:51:37,SKU00030,Pommes Eh,2
ORD-2026-01-14-S01-0105,STORE01,2026-01-14,8:51:37,SKU00016,Crème Boire,2
ORD-2026-01-14-S01-0105,STORE01,2026-01-14,8:51:37,SKU00032,Conserves Conscience,3
ORD-2026-01-14-S01-0105,STORE01,2026-01-14,8:51:37,SKU00093,Lait infantile Vif,3
ORD-2026-01-14-S01-0105,STORE01,2026-01-14,8:51:37,SKU00065,Poisson pané Flot,4
ORD-2026-01-14-S01-0106,STORE01,2026-01-14,9:05:37,SKU00031,Porc Rapport,5
ORD-2026-01-14-S01-0106,STORE01,2026-01-14,9:05:37,SKU00086,Éponges Manier,2
ORD-2026-01-14-S01-0106,STORE01,2026-01-14,9:05:37,SKU00076,Lingettes Certainement,3
ORD-2026-01-14-S01-0106,STORE01,2026-01-14,9:05:37,SKU00070,Dentifrice Rejoindre,3
ORD-2026-01-14-S01-0106,STORE01,2026-01-14,9:05:37,SKU00026,Thon Espace,1
ORD-2026-01-14-S01-0107,STORE01,2026-01-14,13:14:32,SKU00079,Éponges Monter,1
ORD-2026-01-14-S01-0107,STORE01,2026-01-14,13:14:32,SKU00098,Lingettes Discuter,4
ORD-2026-01-14-S01-0107,STORE01,2026-01-14,13:14:32,SKU00099,Poulet Gauche,5
ORD-2026-01-14-S01-0108,STORE01,2026-01-14,17:05:54,SKU00029,Nettoyant Poids,2
ORD-2026-01-14-S01-0108,STORE01,2026-01-14,17:05:54,SKU00079,Éponges Monter,3
ORD-2026-01-14-S01-0109,STORE01,2026-01-14,13:45:47,SKU00087,Confiture Absence,2
ORD-2026-01-14-S01-0110,STORE01,2026-01-14,17:16:59,SKU00041,Crème Chair,1
ORD-2026-01-14-S01-0110,STORE01,2026-01-14,17:16:59,SKU00059,Glace Disparaître,5
ORD-2026-01-14-S01-0110,STORE01,2026-01-14,17:16:59,SKU00001,Boeuf Oreille,4
ORD-2026-01-14-S01-0110,STORE01,2026-01-14,17:16:59,SKU00089,Biscuits Faute,1
ORD-2026-01-14-S01-0110,STORE01,2026-01-14,17:16:59,SKU00012,Boeuf Entourer,3
ORD-2026-01-14-S01-0111,STORE01,2026-01-14,21:48:20,SKU00047,Saumon Perdu,3
ORD-2026-01-14-S01-0111,STORE01,2026-01-14,21:48:20,SKU00083,Miel Mode,4
ORD-2026-01-14-S01-0111,STORE01,2026-01-14,21:48:20,SKU00032,Conserves Conscience,1
ORD-2026-01-14-S01-0111,STORE01,2026-01-14,21:48:20,SKU00093,Lait infantile Vif,4
ORD-2026-01-14-S01-0111,STORE01,2026-01-14,21:48:20,SKU00081,Crème Pleurer,4
ORD-2026-01-14-S01-0111,STORE01,2026-01-14,21:48:20,SKU00082,Beurre Également,2
ORD-2026-01-14-S01-0111,STORE01,2026-01-14,21:48:20,SKU00021,Bananes Bien,2
ORD-2026-01-14-S01-0111,STORE01,2026-01-14,21:48:20,SKU00063,Thé Nommer,5
ORD-2026-01-14-S01-0112,STORE01,2026-01-14,12:26:15,SKU00013,Petits pots Saison,1
ORD-2026-01-14-S01-0112,STORE01,2026-01-14,12:26:15,SKU00100,Sucre Émotion,4
ORD-2026-01-14-S01-0112,STORE01,2026-01-14,12:26:15,SKU00044,Bananes Lentement,1
ORD-2026-01-14-S01-0113,STORE01,2026-01-14,10:54:54,SKU00047,Saumon Perdu,1
ORD-2026-01-14-S01-0113,STORE01,2026-01-14,10:54:54,SKU00040,Biscuits Cerveau,5
ORD-2026-01-14-S01-0113,STORE01,2026-01-14,10:54:54,SKU00054,Sel Moins,3
ORD-2026-01-14-S01-0113,STORE01,2026-01-14,10:54:54,SKU00089,Biscuits Faute,4
ORD-2026-01-14-S01-0113,STORE01,2026-01-14,10:54:54,SKU00064,Pâtes Deviner,2
ORD-2026-01-14-S01-0113,STORE01,2026-01-14,10:54:54,SKU00024,Oranges Boire,3
ORD-2026-01-14-S01-0113,STORE01,2026-01-14,10:54:54,SKU00009,Tomates Ami,2
ORD-2026-01-14-S01-0114,STORE01,2026-01-14,21:49:00,SKU00085,Biscuits Défendre,4
ORD-2026-01-14-S01-0115,STORE01,2026-01-14,9:20:02,SKU00018,Liquide vaisselle Sourire,3
ORD-2026-01-14-S01-0115,STORE01,2026-01-14,9:20:02,SKU00033,Sauce tomate Réunir,2
ORD-2026-01-14-S01-0115,STORE01,2026-01-14,9:20:02,SKU00061,Savon Parent,1
ORD-2026-01-14-S01-0115,STORE01,2026-01-14,9:20:02,SKU00054,Sel Moins,3
ORD-2026-01-14-S01-0115,STORE01,2026-01-14,9:20:02,SKU00046,Biscuits Moyen,5
ORD-2026-01-14-S01-0115,STORE01,2026-01-14,9:20:02,SKU00034,Eau Rien,5
ORD-2026-01-14-S01-0115,STORE01,2026-01-14,9:20:02,SKU00027,Poisson pané Flot,4
ORD-2026-01-14-S01-0116,STORE01,2026-01-14,20:22:42,SKU00068,Crème Bras,4
ORD-2026-01-14-S01-0116,STORE01,2026-01-14,20:22:42,SKU00069,Glace Pain,5
ORD-2026-01-14-S01-0116,STORE01,2026-01-14,20:22:42,SKU00001,Boeuf Oreille,4
ORD-2026-01-14-S01-0116,STORE01,2026-01-14,20:22:42,SKU00011,Frites Remonter,4
ORD-2026-01-14-S01-0116,STORE01,2026-01-14,20:22:42,SKU00090,Laitue Parvenir,1
ORD-2026-01-14-S01-0116,STORE01,2026-01-14,20:22:42,SKU00042,Confiture Toit,3
ORD-2026-01-14-S01-0116,STORE01,2026-01-14,20:22:42,SKU00024,Oranges Boire,2
ORD-2026-01-14-S01-0116,STORE01,2026-01-14,20:22:42,SKU00025,Conserves Problème,2
ORD-2026-01-14-S01-0116,STORE01,2026-01-14,20:22:42,SKU00031,Porc Rapport,4
ORD-2026-01-14-S01-0117,STORE01,2026-01-14,16:02:47,SKU00086,Éponges Manier,5
ORD-2026-01-14-S01-0118,STORE01,2026-01-14,9:02:05,SKU00046,Biscuits Moyen,3
ORD-2026-01-14-S01-0119,STORE01,2026-01-14,19:06:54,SKU00033,Sauce tomate Réunir,1
ORD-2026-01-14-S01-0119,STORE01,2026-01-14,19:06:54,SKU00040,Biscuits Cerveau,2
ORD-2026-01-14-S01-0119,STORE01,2026-01-14,19:06:54,SKU00055,Conserves Inviter,5
ORD-2026-01-14-S01-0119,STORE01,2026-01-14,19:06:54,SKU00056,Lait infantile Chien,2
ORD-2026-01-14-S01-0119,STORE01,2026-01-14,19:06:54,SKU00001,Boeuf Oreille,4
ORD-2026-01-14-S01-0119,STORE01,2026-01-14,19:06:54,SKU00052,Légumes surgelés Chambre,5
ORD-2026-01-14-S01-0119,STORE01,2026-01-14,19:06:54,SKU00025,Conserves Problème,5
ORD-2026-01-14-S01-0120,STORE01,2026-01-14,16:06:34,SKU00099,Poulet Gauche,5
ORD-2026-01-14-S01-0120,STORE01,2026-01-14,16:06:34,SKU00013,Petits pots Saison,2
ORD-2026-01-14-S01-0120,STORE01,2026-01-14,16:06:34,SKU00014,Eau En,1
ORD-2026-01-14-S01-0120,STORE01,2026-01-14,16:06:34,SKU00055,Conserves Inviter,3
ORD-2026-01-14-S01-0120,STORE01,2026-01-14,16:06:34,SKU00046,Biscuits Moyen,4
ORD-2026-01-14-S01-0120,STORE01,2026-01-14,16:06:34,SKU00089,Biscuits Faute,1
ORD-2026-01-14-S01-0120,STORE01,2026-01-14,16:06:34,SKU00008,Riz Inutile,4
ORD-2026-01-14-S01-0120,STORE01,2026-01-14,16:06:34,SKU00009,Tomates Ami,2
ORD-2026-01-14-S01-0120,STORE01,2026-01-14,16:06:34,SKU00062,Huile Côté,5
ORD-2026-01-14-S01-0121,STORE01,2026-01-14,9:26:32,SKU00009,Tomates Ami,4
ORD-2026-01-14-S01-0121,STORE01,2026-01-14,9:26:32,SKU00012,Boeuf Entourer,5
ORD-2026-01-14-S01-0121,STORE01,2026-01-14,9:26:32,SKU00016,Crème Boire,3
ORD-2026-01-14-S01-0121,STORE01,2026-01-14,9:26:32,SKU00100,Sucre Émotion,1
ORD-2026-01-14-S01-0121,STORE01,2026-01-14,9:26:32,SKU00040,Biscuits Cerveau,5
ORD-2026-01-14-S01-0121,STORE01,2026-01-14,9:26:32,SKU00065,Poisson pané Flot,3
ORD-2026-01-14-S01-0121,STORE01,2026-01-14,9:26:32,SKU00019,Liquide vaisselle Baisser,4
ORD-2026-01-14-S01-0121,STORE01,2026-01-14,9:26:32,SKU00038,Sauce tomate Montrer,5
ORD-2026-01-14-S01-0121,STORE01,2026-01-14,9:26:32,SKU00093,Lait infantile Vif,1
ORD-2026-01-14-S01-0122,STORE01,2026-01-14,18:02:42,SKU00028,Carottes Tranquille,5
ORD-2026-01-14-S01-0122,STORE01,2026-01-14,18:02:42,SKU00030,Pommes Eh,4
ORD-2026-01-14-S01-0122,STORE01,2026-01-14,18:02:42,SKU00043,Nettoyant Occasion,3
ORD-2026-01-14-S01-0122,STORE01,2026-01-14,18:02:42,SKU00069,Glace Pain,4
ORD-2026-01-14-S01-0122,STORE01,2026-01-14,18:02:42,SKU00079,Éponges Monter,5
ORD-2026-01-14-S01-0122,STORE01,2026-01-14,18:02:42,SKU00023,Pâtes Inconnu,5
ORD-2026-01-14-S01-0123,STORE01,2026-01-14,14:30:11,SKU00077,Nettoyant Éprouver,5
ORD-2026-01-14-S01-0123,STORE01,2026-01-14,14:30:11,SKU00095,Boeuf Toucher,1
ORD-2026-01-14-S01-0123,STORE01,2026-01-14,14:30:11,SKU00022,Savon Approcher,1
ORD-2026-01-14-S01-0124,STORE01,2026-01-14,10:45:31,SKU00076,Lingettes Certainement,2
ORD-2026-01-14-S01-0124,STORE01,2026-01-14,10:45:31,SKU00080,Confiture Poids,1
ORD-2026-01-14-S01-0124,STORE01,2026-01-14,10:45:31,SKU00082,Beurre Également,5
ORD-2026-01-14-S01-0124,STORE01,2026-01-14,10:45:31,SKU00090,Laitue Parvenir,1
ORD-2026-01-14-S01-0124,STORE01,2026-01-14,10:45:31,SKU00094,Poisson pané Rencontrer,3
ORD-2026-01-14-S01-0124,STORE01,2026-01-14,10:45:31,SKU00023,Pâtes Inconnu,4
ORD-2026-01-14-S01-0124,STORE01,2026-01-14,10:45:31,SKU00006,Huile Enfin,2
ORD-2026-01-14-S01-0124,STORE01,2026-01-14,10:45:31,SKU00043,Nettoyant Occasion,2
ORD-2026-01-14-S01-0125,STORE01,2026-01-14,11:22:26,SKU00098,Lingettes Discuter,3
ORD-2026-01-14-S01-0125,STORE01,2026-01-14,11:22:26,SKU00066,Soda Peau,1
ORD-2026-01-14-S01-0125,STORE01,2026-01-14,11:22:26,SKU00034,Eau Rien,4
ORD-2026-01-14-S01-0125,STORE01,2026-01-14,11:22:26,SKU00043,Nettoyant Occasion,5
ORD-2026-01-14-S01-0125,STORE01,2026-01-14,11:22:26,SKU00080,Confiture Poids,2
ORD-2026-01-14-S01-0125,STORE01,2026-01-14,11:22:26,SKU00054,Sel Moins,1
ORD-2026-01-14-S01-0125,STORE01,2026-01-14,11:22:26,SKU00049,Légumes surgelés Trésor,5
ORD-2026-01-14-S01-0125,STORE01,2026-01-14,11:22:26,SKU00029,Nettoyant Poids,2
ORD-2026-01-14-S01-0126,STORE01,2026-01-14,20:25:38,SKU00100,Sucre Émotion,4
